Configuration,GLOW (t),ESA Score,GWP (tCO2)
Baseline,381.4596418362101,1516.850419335873,3470.705864432213
CMA-ES Optimal,393.997198328593,1530.5319109952402,3383.2834660004237
