Method,ESA_Score,Delta_V,GLOW,GWP,Feasible
AL,52.68680587213619,6304.677985917955,308.17610060839877,1140.1644888117164,False
