Variable,Value,Unit
Prop_mass_1,274.75916841738956,t
Prop_mass_2,78.79615403202607,t
OF_1,5.982051816777234,-
OF_2,5.278634557755911,-
