Solution_ID,Delta_V_ms,ESA_Score
0,-3954696.109254223,1479250.5984973626
